type,totalEnergy,averageWaitingTime,maxWaitingTime,minWaitingTime,stabilityWaitingTime,averageJourneyTime,averageOccupancy,averageLoadFactor,maxLoadFactor,minLoadFactor,stabilityLoadFactor,completedBookingsPercentage
8v_hw_10max_autonomy13h,10.2870865429,5,54,0,54,34,2.3436849324,0.23645982963,0.265951274605,0.190151275194,0.0757999994109,0.856164383562
8v_hw_10max_autonomy8h,16.6181036453,10,127,0,127,38,2.43885492408,0.253921777292,0.288010540511,0.210938235764,0.0770723047469,0.833904109589
8v_hw_const_0.1,18.0281757664,15,167,0,167,40,2.3435754395,0.240447959879,0.607729855889,0.114882516313,0.492847339576,0.695205479452
8v_hw_max_10_manyCharging,14.2504619069,8,59,0,59,43,2.96810857222,0.308826481962,0.509177300159,0.0827447227599,0.426432577399,0.808219178082
adaptVehicles,14.821164675,8,35,0,35,55,3.08614257433,0.30317129048,0.382274839605,0.20223627429,0.180038565316,0.78595890411
optionalStops,25.9238988206,5,57,0,57,46,2.87194120329,0.290054058034,0.39976784518,0.150027739,0.24974010618,0.806506849315
